타이틀,문제번호
개인정보 수집 유효기간,150370
택배 배달과 수거하기,150369
이모티콘 할인행사,150368
표현 가능한 이진트리,150367
표 병합,150366
미로 탈출 명령어,150365
\"1\,2\,3 떨어트리기\",150364
행렬과 연산,118670
등산코스 정하기,118669
코딩 테스트 공부,118668
두 큐 합 같게 만들기,118667
성격 유형 검사하기,118666
사라지는 발판,92345
파괴되지 않은 건물,92344
양과 늑대,92343
양궁대회,92342
주차 요금 계산,92341
k진수에서 소수 개수 구하기,92335
신고 결과 받기,92334
시험장 나누기,81305
미로 탈출,81304
표 편집,81303
거리두기 확인하기,81302
숫자 문자열과 영단어,81301
헤비 유저가 소유한 장소,77487
다단계 칫솔 판매,77486
행렬 테두리 회전하기,77485
로또의 최고 순위와 최저 순위,77484
매출 하락 최소화,72416
카드 짝 맞추기,72415
광고 삽입,72414
합승 택시 요금,72413
순위 검색,72412
메뉴 리뉴월,72411
신규 아이디 추천,72410
동굴 탐험,67260
경주로 건설,67259
보석 쇼핑,67258
수식 최대화,67257
키패드 누르기,67256
튜플,64065
불량 사용자,64064
호텔 방 배정,64063
징검다리 건너기,64062
크레인 인형뽑기 게임,64061
블록 이동하기,60063
외벽 점검,60062
기둥과 보 설치,60061
가사 검색,60060
자물쇠와 열쇠,60059
괄호 변환,60058
문자열 압축,60057
블록 게임,42894
매칭 점수,42893
길 찾기 게임,42892
무지의 먹방 라이브,42891
후보키,42890
실패율,42889
오픈채팅방,42888
n진수 게임,17687
파일명 정렬,17686
자동완성,17685
압축,17684
방금그곡,17683
다트 게임,17682
비밀지도,17681
캐시,17680
프렌즈4블록,17679
셔틀버스,17678
뉴스 클러스터링,17677
추석 트래픽,17676
네오의 귀걸이,1842
IU와 콘의 보드게임,1841
스마트한 프로도,1840
튜브의 소개팅,1839
몸짱 트레이너 라이언의 고민,1838
GPS,1837
리틀 프렌즈 사천성,1836
단체사진 찍기,1835
신비로운 유적 탐험,1834
캠핑,1833
보행자 천국,1832
4단 고음,1831
브라이언의 고민,1830
카카오프렌즈 컬러링북,1829